
DROP DATABASE GardenApp;
CREATE DATABASE GardenApp;
USE GardenApp;

-- DROP TABLE IF EXISTS Users;
-- DROP TABLE IF EXISTS Plants;
-- DROP TABLE IF EXISTS Garden;
CREATE TABLE Users
(
    UserID INT AUTO_INCREMENT PRIMARY KEY,
    First_Name VARCHAR(20) NOT NULL,
    Last_Name VARCHAR(20) NOT NULL,
    Email VARCHAR(50) NOT NULL
);

CREATE TABLE Garden
(
    GardenID INT AUTO_INCREMENT PRIMARY KEY,
    Garden_Name VARCHAR(50) NOT NULL,
    UserID INT,
    PlantID INT,
    FOREIGN KEY (UserID) REFERENCES Users(UserID)
        ON DELETE CASCADE
        ON UPDATE CASCADE
);

CREATE TABLE Plants
(
    PlantID INT AUTO_INCREMENT PRIMARY KEY,
    Plant_Type VARCHAR(20) NOT NULL,
    Watering_Frequency VARCHAR(50) NOT NULL,
    Days_To_Water VARCHAR(50) NOT NULL,
    GardenID INT,
    FOREIGN KEY (GardenID) REFERENCES Garden(GardenID)
        ON DELETE CASCADE
        ON UPDATE CASCADE
);

insert into Users (UserID, First_Name, Last_Name, Email) values (1, 'Costanza', 'Sleightholm', 'csleightholm0@sakura.ne.jp');
insert into Users (UserID, First_Name, Last_Name, Email) values (2, 'Yale', 'Byneth', 'ybyneth1@yelp.com');
insert into Users (UserID, First_Name, Last_Name, Email) values (3, 'Philis', 'Shorton', 'pshorton2@ft.com');
insert into Users (UserID, First_Name, Last_Name, Email) values (4, 'Temp', 'Gavini', 'tgavini3@mail.ru');
insert into Users (UserID, First_Name, Last_Name, Email) values (5, 'Elita', 'Bernasek', 'ebernasek4@oakley.com');
insert into Users (UserID, First_Name, Last_Name, Email) values (6, 'Dougie', 'Brandolini', 'dbrandolini5@google.com');
insert into Users (UserID, First_Name, Last_Name, Email) values (7, 'Ethan', 'Malone', 'emalone6@prlog.org');
insert into Users (UserID, First_Name, Last_Name, Email) values (8, 'Francklin', 'Singleton', 'fsingleton7@hao123.com');
insert into Users (UserID, First_Name, Last_Name, Email) values (9, 'Estella', 'Syratt', 'esyratt8@histats.com');
insert into Users (UserID, First_Name, Last_Name, Email) values (10, 'Elly', 'Estrella', 'eestrella9@buzzfeed.com');
insert into Users (UserID, First_Name, Last_Name, Email) values (11, 'Irena', 'Thying', 'ithyinga@opera.com');
insert into Users (UserID, First_Name, Last_Name, Email) values (12, 'Cornall', 'Vautin', 'cvautinb@addthis.com');
insert into Users (UserID, First_Name, Last_Name, Email) values (13, 'Wang', 'Ferrar', 'wferrarc@ox.ac.uk');
insert into Users (UserID, First_Name, Last_Name, Email) values (14, 'Ingar', 'Bisterfeld', 'ibisterfeldd@zdnet.com');
insert into Users (UserID, First_Name, Last_Name, Email) values (15, 'Thornton', 'Leadstone', 'tleadstonee@cafepress.com');
insert into Users (UserID, First_Name, Last_Name, Email) values (16, 'Albertina', 'Avey', 'aaveyf@list-manage.com');
insert into Users (UserID, First_Name, Last_Name, Email) values (17, 'Poppy', 'Piesing', 'ppiesingg@google.co.uk');
insert into Users (UserID, First_Name, Last_Name, Email) values (18, 'Valentia', 'Sessions', 'vsessionsh@businessweek.com');
insert into Users (UserID, First_Name, Last_Name, Email) values (19, 'Cheryl', 'Mityushin', 'cmityushini@wiley.com');
insert into Users (UserID, First_Name, Last_Name, Email) values (20, 'Carson', 'Gager', 'cgagerj@aol.com');
insert into Users (UserID, First_Name, Last_Name, Email) values (21, 'Courtenay', 'Moultrie', 'cmoultriek@myspace.com');
insert into Users (UserID, First_Name, Last_Name, Email) values (22, 'Ashli', 'Jessel', 'ajessell@reference.com');
insert into Users (UserID, First_Name, Last_Name, Email) values (23, 'Heddi', 'Jenteau', 'hjenteaum@woothemes.com');
insert into Users (UserID, First_Name, Last_Name, Email) values (24, 'Gian', 'Drohun', 'gdrohunn@jiathis.com');
insert into Users (UserID, First_Name, Last_Name, Email) values (25, 'Maynard', 'Hartwell', 'mhartwello@gmpg.org');
insert into Users (UserID, First_Name, Last_Name, Email) values (26, 'Marcela', 'Stitcher', 'mstitcherp@squidoo.com');
insert into Users (UserID, First_Name, Last_Name, Email) values (27, 'Margo', 'Kidwell', 'mkidwellq@chronoengine.com');
insert into Users (UserID, First_Name, Last_Name, Email) values (28, 'Marcie', 'Pammenter', 'mpammenterr@accuweather.com');
insert into Users (UserID, First_Name, Last_Name, Email) values (29, 'Engracia', 'Tapsell', 'etapsells@forbes.com');
insert into Users (UserID, First_Name, Last_Name, Email) values (30, 'Angele', 'Mewitt', 'amewittt@i2i.jp');
insert into Users (UserID, First_Name, Last_Name, Email) values (31, 'Siouxie', 'Foat', 'sfoatu@seattletimes.com');
insert into Users (UserID, First_Name, Last_Name, Email) values (32, 'Salomi', 'Ygoe', 'sygoev@google.it');
insert into Users (UserID, First_Name, Last_Name, Email) values (33, 'Phebe', 'Victor', 'pvictorw@angelfire.com');
insert into Users (UserID, First_Name, Last_Name, Email) values (34, 'Rey', 'Feldstern', 'rfeldsternx@csmonitor.com');
insert into Users (UserID, First_Name, Last_Name, Email) values (35, 'Demetria', 'Acedo', 'dacedoy@angelfire.com');
insert into Users (UserID, First_Name, Last_Name, Email) values (36, 'Mignonne', 'Licciardo', 'mlicciardoz@ifeng.com');
insert into Users (UserID, First_Name, Last_Name, Email) values (37, 'Iolanthe', 'Blaszczyk', 'iblaszczyk10@t.co');
insert into Users (UserID, First_Name, Last_Name, Email) values (38, 'Garth', 'Tomley', 'gtomley11@globo.com');
insert into Users (UserID, First_Name, Last_Name, Email) values (39, 'Rhoda', 'Baiden', 'rbaiden12@jiathis.com');
insert into Users (UserID, First_Name, Last_Name, Email) values (40, 'Haskell', 'Calfe', 'hcalfe13@github.com');
insert into Users (UserID, First_Name, Last_Name, Email) values (41, 'Talyah', 'Pudner', 'tpudner14@squarespace.com');
insert into Users (UserID, First_Name, Last_Name, Email) values (42, 'Roman', 'Ceyssen', 'rceyssen15@merriam-webster.com');
insert into Users (UserID, First_Name, Last_Name, Email) values (43, 'Astra', 'Ploughwright', 'aploughwright16@smugmug.com');
insert into Users (UserID, First_Name, Last_Name, Email) values (44, 'Brittan', 'King', 'bking17@newsvine.com');
insert into Users (UserID, First_Name, Last_Name, Email) values (45, 'Kerwin', 'Christmas', 'kchristmas18@chron.com');
insert into Users (UserID, First_Name, Last_Name, Email) values (46, 'Ange', 'Pratty', 'apratty19@newyorker.com');
insert into Users (UserID, First_Name, Last_Name, Email) values (47, 'Bathsheba', 'Feely', 'bfeely1a@facebook.com');
insert into Users (UserID, First_Name, Last_Name, Email) values (48, 'Sarah', 'Fabri', 'sfabri1b@merriam-webster.com');
insert into Users (UserID, First_Name, Last_Name, Email) values (49, 'Suellen', 'Jacomb', 'sjacomb1c@blinklist.com');
insert into Users (UserID, First_Name, Last_Name, Email) values (50, 'Phillida', 'Spybey', 'pspybey1d@virginia.edu');

insert into Garden (GardenID, Garden_Name, UserID, PlantID) values (2, 'John Wall', 6, 12);
insert into Garden (GardenID, Garden_Name, UserID, PlantID) values (1, 'Dahle', 17, 46);
insert into Garden (GardenID, Garden_Name, UserID, PlantID) values (4, 'Ilene', 11, 55);
insert into Garden (GardenID, Garden_Name, UserID, PlantID) values (1, 'South', 19, 122);
insert into Garden (GardenID, Garden_Name, UserID, PlantID) values (5, 'Claremont', 44, 64);
insert into Garden (GardenID, Garden_Name, UserID, PlantID) values (3, 'Pierstorff', 14, 48);
insert into Garden (GardenID, Garden_Name, UserID, PlantID) values (5, 'Cottonwood', 11, 146);
insert into Garden (GardenID, Garden_Name, UserID, PlantID) values (2, 'Badeau', 20, 35);
insert into Garden (GardenID, Garden_Name, UserID, PlantID) values (1, 'Aberg', 4, 125);
insert into Garden (GardenID, Garden_Name, UserID, PlantID) values (4, 'Miller', 50, 9);
insert into Garden (GardenID, Garden_Name, UserID, PlantID) values (1, 'Jenifer', 10, 111);
insert into Garden (GardenID, Garden_Name, UserID, PlantID) values (3, 'Armistice', 40, 2);
insert into Garden (GardenID, Garden_Name, UserID, PlantID) values (2, 'Bunker Hill', 45, 18);
insert into Garden (GardenID, Garden_Name, UserID, PlantID) values (1, 'Bowman', 6, 107);
insert into Garden (GardenID, Garden_Name, UserID, PlantID) values (3, 'Northwestern', 22, 86);
insert into Garden (GardenID, Garden_Name, UserID, PlantID) values (2, 'Union', 42, 47);
insert into Garden (GardenID, Garden_Name, UserID, PlantID) values (3, 'Everett', 40, 140);
insert into Garden (GardenID, Garden_Name, UserID, PlantID) values (1, 'Bartelt', 4, 110);
insert into Garden (GardenID, Garden_Name, UserID, PlantID) values (5, 'Transport', 29, 101);
insert into Garden (GardenID, Garden_Name, UserID, PlantID) values (5, 'Hudson', 46, 108);
insert into Garden (GardenID, Garden_Name, UserID, PlantID) values (5, 'Truax', 12, 52);
insert into Garden (GardenID, Garden_Name, UserID, PlantID) values (1, 'Briar Crest', 42, 149);
insert into Garden (GardenID, Garden_Name, UserID, PlantID) values (3, 'Canary', 13, 147);
insert into Garden (GardenID, Garden_Name, UserID, PlantID) values (5, 'Badeau', 28, 6);
insert into Garden (GardenID, Garden_Name, UserID, PlantID) values (5, 'Coleman', 28, 149);
insert into Garden (GardenID, Garden_Name, UserID, PlantID) values (3, 'Stoughton', 21, 147);
insert into Garden (GardenID, Garden_Name, UserID, PlantID) values (2, 'Vidon', 11, 122);
insert into Garden (GardenID, Garden_Name, UserID, PlantID) values (3, 'Center', 41, 94);
insert into Garden (GardenID, Garden_Name, UserID, PlantID) values (5, 'Rockefeller', 6, 140);
insert into Garden (GardenID, Garden_Name, UserID, PlantID) values (4, 'Springview', 35, 89);
insert into Garden (GardenID, Garden_Name, UserID, PlantID) values (5, 'Oneill', 50, 4);
insert into Garden (GardenID, Garden_Name, UserID, PlantID) values (2, 'Summit', 34, 109);
insert into Garden (GardenID, Garden_Name, UserID, PlantID) values (3, 'Bayside', 20, 71);
insert into Garden (GardenID, Garden_Name, UserID, PlantID) values (5, 'Charing Cross', 1, 39);
insert into Garden (GardenID, Garden_Name, UserID, PlantID) values (3, '8th', 13, 52);
insert into Garden (GardenID, Garden_Name, UserID, PlantID) values (2, 'Gale', 12, 86);
insert into Garden (GardenID, Garden_Name, UserID, PlantID) values (4, 'Anderson', 25, 97);
insert into Garden (GardenID, Garden_Name, UserID, PlantID) values (4, 'Arkansas', 22, 101);
insert into Garden (GardenID, Garden_Name, UserID, PlantID) values (2, 'Carey', 31, 44);
insert into Garden (GardenID, Garden_Name, UserID, PlantID) values (1, 'Linden', 19, 71);
insert into Garden (GardenID, Garden_Name, UserID, PlantID) values (3, 'Schmedeman', 9, 57);
insert into Garden (GardenID, Garden_Name, UserID, PlantID) values (3, 'School', 20, 110);
insert into Garden (GardenID, Garden_Name, UserID, PlantID) values (5, 'Sherman', 20, 126);
insert into Garden (GardenID, Garden_Name, UserID, PlantID) values (4, 'Miller', 49, 7);
insert into Garden (GardenID, Garden_Name, UserID, PlantID) values (4, 'Monument', 23, 59);
insert into Garden (GardenID, Garden_Name, UserID, PlantID) values (4, 'Dottie', 3, 84);
insert into Garden (GardenID, Garden_Name, UserID, PlantID) values (5, 'Havey', 20, 104);
insert into Garden (GardenID, Garden_Name, UserID, PlantID) values (3, 'Bluejay', 1, 132);
insert into Garden (GardenID, Garden_Name, UserID, PlantID) values (4, 'Reindahl', 23, 84);
insert into Garden (GardenID, Garden_Name, UserID, PlantID) values (1, 'Pearson', 23, 97);
insert into Garden (GardenID, Garden_Name, UserID, PlantID) values (5, 'Elgar', 20, 66);
insert into Garden (GardenID, Garden_Name, UserID, PlantID) values (2, 'Victoria', 25, 101);
insert into Garden (GardenID, Garden_Name, UserID, PlantID) values (1, 'Anthes', 48, 86);
insert into Garden (GardenID, Garden_Name, UserID, PlantID) values (2, 'Westport', 7, 128);
insert into Garden (GardenID, Garden_Name, UserID, PlantID) values (5, 'Surrey', 46, 137);
insert into Garden (GardenID, Garden_Name, UserID, PlantID) values (5, 'Tennyson', 10, 8);
insert into Garden (GardenID, Garden_Name, UserID, PlantID) values (3, 'Graceland', 25, 19);
insert into Garden (GardenID, Garden_Name, UserID, PlantID) values (4, 'Tennessee', 40, 49);
insert into Garden (GardenID, Garden_Name, UserID, PlantID) values (1, 'Golden Leaf', 46, 14);
insert into Garden (GardenID, Garden_Name, UserID, PlantID) values (2, 'Carey', 50, 49);
insert into Garden (GardenID, Garden_Name, UserID, PlantID) values (5, 'Mayer', 12, 18);
insert into Garden (GardenID, Garden_Name, UserID, PlantID) values (4, 'Welch', 9, 17);
insert into Garden (GardenID, Garden_Name, UserID, PlantID) values (4, 'Fuller', 11, 105);
insert into Garden (GardenID, Garden_Name, UserID, PlantID) values (4, 'Arizona', 36, 29);
insert into Garden (GardenID, Garden_Name, UserID, PlantID) values (3, 'Troy', 10, 87);
insert into Garden (GardenID, Garden_Name, UserID, PlantID) values (3, 'Clove', 19, 52);
insert into Garden (GardenID, Garden_Name, UserID, PlantID) values (4, 'Surrey', 12, 150);
insert into Garden (GardenID, Garden_Name, UserID, PlantID) values (2, 'Graceland', 43, 48);
insert into Garden (GardenID, Garden_Name, UserID, PlantID) values (5, 'Canary', 35, 66);
insert into Garden (GardenID, Garden_Name, UserID, PlantID) values (5, 'Towne', 28, 124);
insert into Garden (GardenID, Garden_Name, UserID, PlantID) values (2, 'Macpherson', 36, 45);
insert into Garden (GardenID, Garden_Name, UserID, PlantID) values (2, 'Carey', 28, 63);
insert into Garden (GardenID, Garden_Name, UserID, PlantID) values (4, 'Larry', 43, 139);
insert into Garden (GardenID, Garden_Name, UserID, PlantID) values (3, 'Vidon', 5, 36);
insert into Garden (GardenID, Garden_Name, UserID, PlantID) values (1, 'Havey', 11, 54);
insert into Garden (GardenID, Garden_Name, UserID, PlantID) values (5, 'Cardinal', 43, 147);
insert into Garden (GardenID, Garden_Name, UserID, PlantID) values (2, 'Pankratz', 42, 50);
insert into Garden (GardenID, Garden_Name, UserID, PlantID) values (2, 'Lukken', 21, 107);
insert into Garden (GardenID, Garden_Name, UserID, PlantID) values (3, 'Eagan', 3, 23);
insert into Garden (GardenID, Garden_Name, UserID, PlantID) values (5, 'Thompson', 46, 57);
insert into Garden (GardenID, Garden_Name, UserID, PlantID) values (1, 'Swallow', 24, 146);
insert into Garden (GardenID, Garden_Name, UserID, PlantID) values (5, 'Tomscot', 37, 42);
insert into Garden (GardenID, Garden_Name, UserID, PlantID) values (3, 'Vera', 10, 40);
insert into Garden (GardenID, Garden_Name, UserID, PlantID) values (1, 'Bartelt', 48, 59);
insert into Garden (GardenID, Garden_Name, UserID, PlantID) values (4, 'Jay', 3, 95);
insert into Garden (GardenID, Garden_Name, UserID, PlantID) values (5, 'Grover', 44, 79);
insert into Garden (GardenID, Garden_Name, UserID, PlantID) values (1, 'Towne', 32, 149);
insert into Garden (GardenID, Garden_Name, UserID, PlantID) values (4, 'Veith', 2, 135);
insert into Garden (GardenID, Garden_Name, UserID, PlantID) values (1, 'Mallard', 15, 28);
insert into Garden (GardenID, Garden_Name, UserID, PlantID) values (1, 'Westerfield', 33, 149);
insert into Garden (GardenID, Garden_Name, UserID, PlantID) values (3, 'Coleman', 34, 3);
insert into Garden (GardenID, Garden_Name, UserID, PlantID) values (4, 'Dunning', 30, 94);
insert into Garden (GardenID, Garden_Name, UserID, PlantID) values (3, 'Trailsway', 18, 129);
insert into Garden (GardenID, Garden_Name, UserID, PlantID) values (4, 'Sunbrook', 50, 134);
insert into Garden (GardenID, Garden_Name, UserID, PlantID) values (2, 'North', 24, 29);
insert into Garden (GardenID, Garden_Name, UserID, PlantID) values (5, 'Sundown', 9, 60);
insert into Garden (GardenID, Garden_Name, UserID, PlantID) values (5, 'Muir', 44, 26);
insert into Garden (GardenID, Garden_Name, UserID, PlantID) values (2, 'Golf View', 30, 147);
insert into Garden (GardenID, Garden_Name, UserID, PlantID) values (4, 'Valley Edge', 13, 83);
insert into Garden (GardenID, Garden_Name, UserID, PlantID) values (3, 'Steensland', 19, 68);
insert into Garden (GardenID, Garden_Name, UserID, PlantID) values (3, 'Orin', 25, 19);
insert into Garden (GardenID, Garden_Name, UserID, PlantID) values (4, 'Grasskamp', 43, 119);
insert into Garden (GardenID, Garden_Name, UserID, PlantID) values (5, 'Raven', 39, 15);
insert into Garden (GardenID, Garden_Name, UserID, PlantID) values (5, 'Vidon', 2, 127);
insert into Garden (GardenID, Garden_Name, UserID, PlantID) values (3, 'Loftsgordon', 31, 23);
insert into Garden (GardenID, Garden_Name, UserID, PlantID) values (4, 'Maryland', 1, 70);
insert into Garden (GardenID, Garden_Name, UserID, PlantID) values (4, 'Vera', 47, 8);
insert into Garden (GardenID, Garden_Name, UserID, PlantID) values (1, 'Kinsman', 11, 116);
insert into Garden (GardenID, Garden_Name, UserID, PlantID) values (2, 'Calypso', 15, 125);
insert into Garden (GardenID, Garden_Name, UserID, PlantID) values (3, 'Randy', 3, 143);
insert into Garden (GardenID, Garden_Name, UserID, PlantID) values (2, 'John Wall', 16, 10);
insert into Garden (GardenID, Garden_Name, UserID, PlantID) values (4, 'High Crossing', 36, 16);
insert into Garden (GardenID, Garden_Name, UserID, PlantID) values (3, 'Troy', 23, 87);
insert into Garden (GardenID, Garden_Name, UserID, PlantID) values (1, 'David', 49, 102);
insert into Garden (GardenID, Garden_Name, UserID, PlantID) values (3, 'Saint Paul', 26, 32);
insert into Garden (GardenID, Garden_Name, UserID, PlantID) values (4, 'Dexter', 27, 54);
insert into Garden (GardenID, Garden_Name, UserID, PlantID) values (3, 'Express', 9, 57);
insert into Garden (GardenID, Garden_Name, UserID, PlantID) values (4, 'Namekagon', 46, 47);
insert into Garden (GardenID, Garden_Name, UserID, PlantID) values (3, 'Center', 34, 13);
insert into Garden (GardenID, Garden_Name, UserID, PlantID) values (2, 'Hintze', 30, 123);
insert into Garden (GardenID, Garden_Name, UserID, PlantID) values (4, 'Dixon', 39, 117);
insert into Garden (GardenID, Garden_Name, UserID, PlantID) values (3, 'Dixon', 37, 136);
insert into Garden (GardenID, Garden_Name, UserID, PlantID) values (4, 'Springview', 39, 45);
insert into Garden (GardenID, Garden_Name, UserID, PlantID) values (5, 'Oakridge', 5, 124);
insert into Garden (GardenID, Garden_Name, UserID, PlantID) values (5, 'Kennedy', 4, 144);
insert into Garden (GardenID, Garden_Name, UserID, PlantID) values (3, 'Westend', 44, 110);
insert into Garden (GardenID, Garden_Name, UserID, PlantID) values (4, 'Stoughton', 8, 140);
insert into Garden (GardenID, Garden_Name, UserID, PlantID) values (1, 'East', 7, 101);
insert into Garden (GardenID, Garden_Name, UserID, PlantID) values (2, 'Debs', 1, 103);
insert into Garden (GardenID, Garden_Name, UserID, PlantID) values (3, 'Crowley', 33, 128);
insert into Garden (GardenID, Garden_Name, UserID, PlantID) values (5, 'Shelley', 4, 75);
insert into Garden (GardenID, Garden_Name, UserID, PlantID) values (5, 'Northport', 35, 38);
insert into Garden (GardenID, Garden_Name, UserID, PlantID) values (2, 'Kings', 32, 112);
insert into Garden (GardenID, Garden_Name, UserID, PlantID) values (2, 'Merry', 8, 84);
insert into Garden (GardenID, Garden_Name, UserID, PlantID) values (5, 'Clemons', 49, 2);
insert into Garden (GardenID, Garden_Name, UserID, PlantID) values (5, 'Gale', 42, 55);
insert into Garden (GardenID, Garden_Name, UserID, PlantID) values (3, 'Buell', 16, 90);
insert into Garden (GardenID, Garden_Name, UserID, PlantID) values (3, 'Schurz', 37, 28);
insert into Garden (GardenID, Garden_Name, UserID, PlantID) values (3, 'Coolidge', 15, 82);
insert into Garden (GardenID, Garden_Name, UserID, PlantID) values (1, 'Westport', 39, 138);
insert into Garden (GardenID, Garden_Name, UserID, PlantID) values (4, 'Thompson', 12, 64);
insert into Garden (GardenID, Garden_Name, UserID, PlantID) values (5, 'Golf View', 33, 30);
insert into Garden (GardenID, Garden_Name, UserID, PlantID) values (4, 'Corry', 50, 17);
insert into Garden (GardenID, Garden_Name, UserID, PlantID) values (4, 'Marquette', 46, 146);
insert into Garden (GardenID, Garden_Name, UserID, PlantID) values (2, 'Ludington', 35, 39);
insert into Garden (GardenID, Garden_Name, UserID, PlantID) values (2, 'Straubel', 40, 84);
insert into Garden (GardenID, Garden_Name, UserID, PlantID) values (5, 'Bashford', 10, 43);
insert into Garden (GardenID, Garden_Name, UserID, PlantID) values (3, 'Oriole', 32, 140);
insert into Garden (GardenID, Garden_Name, UserID, PlantID) values (4, 'Eastwood', 19, 2);
insert into Garden (GardenID, Garden_Name, UserID, PlantID) values (1, 'Mariners Cove', 17, 54);

insert into Plants (PlantID, Plant_Type, Watering_Frequency, Days_To_Water, GardenID) values (1, 'Orange Coneflower', 'Weekly', 11, 2);
insert into Plants (PlantID, Plant_Type, Watering_Frequency, Days_To_Water, GardenID) values (2, 'Providence Mountain Milkvetch', 'Weekly', 4, 5);
insert into Plants (PlantID, Plant_Type, Watering_Frequency, Days_To_Water, GardenID) values (3, 'Norwegian Whitlowgrass', 'Yearly', 7, 5);
insert into Plants (PlantID, Plant_Type, Watering_Frequency, Days_To_Water, GardenID) values (4, 'Tweedy''s Sandwort', 'Daily', 8, 1);
insert into Plants (PlantID, Plant_Type, Watering_Frequency, Days_To_Water, GardenID) values (5, 'Physcomitrium Moss', 'Seldom', 11, 3);
insert into Plants (PlantID, Plant_Type, Watering_Frequency, Days_To_Water, GardenID) values (6, 'Slender Threadplant', 'Once', 2, 2);
insert into Plants (PlantID, Plant_Type, Watering_Frequency, Days_To_Water, GardenID) values (7, 'Tropical Burnweed', 'Weekly', 5, 3);
insert into Plants (PlantID, Plant_Type, Watering_Frequency, Days_To_Water, GardenID) values (8, 'Chinese Fir', 'Weekly', 19, 2);
insert into Plants (PlantID, Plant_Type, Watering_Frequency, Days_To_Water, GardenID) values (9, 'Plaubelia Moss', 'Daily', 15, 5);
insert into Plants (PlantID, Plant_Type, Watering_Frequency, Days_To_Water, GardenID) values (10, 'Snow Dwarf-primrose', 'Often', 16, 1);
insert into Plants (PlantID, Plant_Type, Watering_Frequency, Days_To_Water, GardenID) values (11, 'Eightpetal Mountain-avens', 'Monthly', 17, 3);
insert into Plants (PlantID, Plant_Type, Watering_Frequency, Days_To_Water, GardenID) values (12, 'Piedmont Rhododendron', 'Monthly', 1, 1);
insert into Plants (PlantID, Plant_Type, Watering_Frequency, Days_To_Water, GardenID) values (13, 'Henderson''s Sedge', 'Once', 17, 3);
insert into Plants (PlantID, Plant_Type, Watering_Frequency, Days_To_Water, GardenID) values (14, 'Common Hop', 'Monthly', 18, 1);
insert into Plants (PlantID, Plant_Type, Watering_Frequency, Days_To_Water, GardenID) values (15, 'Showy Gilia', 'Seldom', 18, 2);
insert into Plants (PlantID, Plant_Type, Watering_Frequency, Days_To_Water, GardenID) values (16, 'American Licorice', 'Daily', 13, 4);
insert into Plants (PlantID, Plant_Type, Watering_Frequency, Days_To_Water, GardenID) values (17, 'Low False Bindweed', 'Monthly', 11, 4);
insert into Plants (PlantID, Plant_Type, Watering_Frequency, Days_To_Water, GardenID) values (18, 'White Meadowsweet', 'Once', 8, 3);
insert into Plants (PlantID, Plant_Type, Watering_Frequency, Days_To_Water, GardenID) values (19, 'Parish''s Desert-thorn', 'Once', 19, 3);
insert into Plants (PlantID, Plant_Type, Watering_Frequency, Days_To_Water, GardenID) values (20, 'Haleakala Sandalwood', 'Often', 10, 2);
insert into Plants (PlantID, Plant_Type, Watering_Frequency, Days_To_Water, GardenID) values (21, 'River Redgum', 'Yearly', 15, 5);
insert into Plants (PlantID, Plant_Type, Watering_Frequency, Days_To_Water, GardenID) values (22, 'Swamp Saltbush', 'Seldom', 10, 3);
insert into Plants (PlantID, Plant_Type, Watering_Frequency, Days_To_Water, GardenID) values (23, 'Occult Jelly Lichen', 'Monthly', 12, 1);
insert into Plants (PlantID, Plant_Type, Watering_Frequency, Days_To_Water, GardenID) values (24, 'Niaouli-tree', 'Once', 16, 4);
insert into Plants (PlantID, Plant_Type, Watering_Frequency, Days_To_Water, GardenID) values (25, 'Viperina', 'Never', 3, 3);
insert into Plants (PlantID, Plant_Type, Watering_Frequency, Days_To_Water, GardenID) values (26, 'Staggers Grass', 'Yearly', 7, 1);
insert into Plants (PlantID, Plant_Type, Watering_Frequency, Days_To_Water, GardenID) values (27, 'Leafystem Saxifrage', 'Weekly', 7, 1);
insert into Plants (PlantID, Plant_Type, Watering_Frequency, Days_To_Water, GardenID) values (28, 'Phaeorrhiza Lichen', 'Monthly', 14, 2);
insert into Plants (PlantID, Plant_Type, Watering_Frequency, Days_To_Water, GardenID) values (29, 'Klickitat Aster', 'Often', 20, 1);
insert into Plants (PlantID, Plant_Type, Watering_Frequency, Days_To_Water, GardenID) values (30, 'African Dry Rock Moss', 'Weekly', 7, 5);
insert into Plants (PlantID, Plant_Type, Watering_Frequency, Days_To_Water, GardenID) values (31, 'Big-sage', 'Once', 9, 2);
insert into Plants (PlantID, Plant_Type, Watering_Frequency, Days_To_Water, GardenID) values (32, 'Oklahoma Beardtongue', 'Seldom', 6, 5);
insert into Plants (PlantID, Plant_Type, Watering_Frequency, Days_To_Water, GardenID) values (33, 'Cassia', 'Never', 14, 3);
insert into Plants (PlantID, Plant_Type, Watering_Frequency, Days_To_Water, GardenID) values (34, 'Alpine Bedstraw', 'Often', 7, 2);
insert into Plants (PlantID, Plant_Type, Watering_Frequency, Days_To_Water, GardenID) values (35, 'Whitestem Goldenbush', 'Weekly', 6, 5);
insert into Plants (PlantID, Plant_Type, Watering_Frequency, Days_To_Water, GardenID) values (36, 'Cracked Lichen', 'Never', 14, 1);
insert into Plants (PlantID, Plant_Type, Watering_Frequency, Days_To_Water, GardenID) values (37, 'Tiger-pear', 'Yearly', 13, 5);
insert into Plants (PlantID, Plant_Type, Watering_Frequency, Days_To_Water, GardenID) values (38, 'Wallflower', 'Often', 14, 5);
insert into Plants (PlantID, Plant_Type, Watering_Frequency, Days_To_Water, GardenID) values (39, 'Falsegold Groundsel', 'Monthly', 14, 2);
insert into Plants (PlantID, Plant_Type, Watering_Frequency, Days_To_Water, GardenID) values (40, 'Nevada Cryptantha', 'Once', 13, 5);
insert into Plants (PlantID, Plant_Type, Watering_Frequency, Days_To_Water, GardenID) values (41, 'Manatee Mudflower', 'Daily', 15, 2);
insert into Plants (PlantID, Plant_Type, Watering_Frequency, Days_To_Water, GardenID) values (42, 'Cobwebby Wild Indigo', 'Weekly', 18, 5);
insert into Plants (PlantID, Plant_Type, Watering_Frequency, Days_To_Water, GardenID) values (43, 'Foxtail', 'Seldom', 1, 1);
insert into Plants (PlantID, Plant_Type, Watering_Frequency, Days_To_Water, GardenID) values (44, 'Rough Cocklebur', 'Daily', 9, 4);
insert into Plants (PlantID, Plant_Type, Watering_Frequency, Days_To_Water, GardenID) values (45, 'Crabseye Lichen', 'Often', 3, 3);
insert into Plants (PlantID, Plant_Type, Watering_Frequency, Days_To_Water, GardenID) values (46, 'Morrito', 'Seldom', 10, 5);
insert into Plants (PlantID, Plant_Type, Watering_Frequency, Days_To_Water, GardenID) values (47, 'Arthothelium Lichen', 'Once', 8, 4);
insert into Plants (PlantID, Plant_Type, Watering_Frequency, Days_To_Water, GardenID) values (48, 'Low Goosefoot', 'Monthly', 5, 4);
insert into Plants (PlantID, Plant_Type, Watering_Frequency, Days_To_Water, GardenID) values (49, 'Queen Sago', 'Once', 15, 1);
insert into Plants (PlantID, Plant_Type, Watering_Frequency, Days_To_Water, GardenID) values (50, 'Babassu', 'Seldom', 17, 3);
insert into Plants (PlantID, Plant_Type, Watering_Frequency, Days_To_Water, GardenID) values (51, 'Brittleleaf Manzanita', 'Yearly', 15, 3);
insert into Plants (PlantID, Plant_Type, Watering_Frequency, Days_To_Water, GardenID) values (52, 'Chestnut', 'Daily', 10, 2);
insert into Plants (PlantID, Plant_Type, Watering_Frequency, Days_To_Water, GardenID) values (53, 'Punctelia', 'Once', 5, 2);
insert into Plants (PlantID, Plant_Type, Watering_Frequency, Days_To_Water, GardenID) values (54, 'Engelmann''s Daisy', 'Weekly', 14, 5);
insert into Plants (PlantID, Plant_Type, Watering_Frequency, Days_To_Water, GardenID) values (55, 'Map Lichen', 'Yearly', 13, 4);
insert into Plants (PlantID, Plant_Type, Watering_Frequency, Days_To_Water, GardenID) values (56, 'Hybrid Violet', 'Monthly', 3, 3);
insert into Plants (PlantID, Plant_Type, Watering_Frequency, Days_To_Water, GardenID) values (57, 'Winged Bristle Fern', 'Never', 8, 2);
insert into Plants (PlantID, Plant_Type, Watering_Frequency, Days_To_Water, GardenID) values (58, 'Balsam Of Tolu', 'Weekly', 8, 3);
insert into Plants (PlantID, Plant_Type, Watering_Frequency, Days_To_Water, GardenID) values (59, 'Orange Lichen', 'Daily', 7, 2);
insert into Plants (PlantID, Plant_Type, Watering_Frequency, Days_To_Water, GardenID) values (60, 'Cascade Aster', 'Often', 1, 5);
insert into Plants (PlantID, Plant_Type, Watering_Frequency, Days_To_Water, GardenID) values (61, 'Sedge', 'Weekly', 19, 3);
insert into Plants (PlantID, Plant_Type, Watering_Frequency, Days_To_Water, GardenID) values (62, 'Bolander''s Mock Dandelion', 'Daily', 18, 5);
insert into Plants (PlantID, Plant_Type, Watering_Frequency, Days_To_Water, GardenID) values (63, 'Arizona Mimosa', 'Daily', 10, 3);
insert into Plants (PlantID, Plant_Type, Watering_Frequency, Days_To_Water, GardenID) values (64, 'Onosma', 'Often', 4, 3);
insert into Plants (PlantID, Plant_Type, Watering_Frequency, Days_To_Water, GardenID) values (65, 'Palmer''s Phacelia', 'Monthly', 16, 1);
insert into Plants (PlantID, Plant_Type, Watering_Frequency, Days_To_Water, GardenID) values (66, 'Hazel Dodder', 'Often', 9, 3);
insert into Plants (PlantID, Plant_Type, Watering_Frequency, Days_To_Water, GardenID) values (67, 'Pseudoditrichum Moss', 'Often', 4, 1);
insert into Plants (PlantID, Plant_Type, Watering_Frequency, Days_To_Water, GardenID) values (68, 'Schmidt''s Xanthoparmelia Lichen', 'Once', 1, 4);
insert into Plants (PlantID, Plant_Type, Watering_Frequency, Days_To_Water, GardenID) values (69, 'Purple Deadnettle', 'Once', 8, 2);
insert into Plants (PlantID, Plant_Type, Watering_Frequency, Days_To_Water, GardenID) values (70, 'Orthosiphon', 'Never', 19, 5);
insert into Plants (PlantID, Plant_Type, Watering_Frequency, Days_To_Water, GardenID) values (71, 'Gray Saltbush', 'Daily', 6, 5);
insert into Plants (PlantID, Plant_Type, Watering_Frequency, Days_To_Water, GardenID) values (72, '''akala', 'Never', 6, 1);
insert into Plants (PlantID, Plant_Type, Watering_Frequency, Days_To_Water, GardenID) values (73, 'Texas Pinkroot', 'Daily', 5, 2);
insert into Plants (PlantID, Plant_Type, Watering_Frequency, Days_To_Water, GardenID) values (74, 'Mu Oil Tree', 'Seldom', 4, 3);
insert into Plants (PlantID, Plant_Type, Watering_Frequency, Days_To_Water, GardenID) values (75, 'Purple Deadnettle', 'Seldom', 4, 4);
insert into Plants (PlantID, Plant_Type, Watering_Frequency, Days_To_Water, GardenID) values (76, 'Staghorn Clubmoss', 'Often', 20, 1);
insert into Plants (PlantID, Plant_Type, Watering_Frequency, Days_To_Water, GardenID) values (77, 'Scarlet Passionflower', 'Once', 15, 1);
insert into Plants (PlantID, Plant_Type, Watering_Frequency, Days_To_Water, GardenID) values (78, 'Alpinia', 'Monthly', 6, 4);
insert into Plants (PlantID, Plant_Type, Watering_Frequency, Days_To_Water, GardenID) values (79, 'Stickystem Pearlwort', 'Daily', 15, 5);
insert into Plants (PlantID, Plant_Type, Watering_Frequency, Days_To_Water, GardenID) values (80, 'Yellow Waterlily', 'Yearly', 15, 5);
insert into Plants (PlantID, Plant_Type, Watering_Frequency, Days_To_Water, GardenID) values (81, 'Nodding Onion', 'Weekly', 12, 1);
insert into Plants (PlantID, Plant_Type, Watering_Frequency, Days_To_Water, GardenID) values (82, 'Smooth Solomon''s Seal', 'Never', 10, 5);
insert into Plants (PlantID, Plant_Type, Watering_Frequency, Days_To_Water, GardenID) values (83, 'Parmotremopsis', 'Never', 16, 2);
insert into Plants (PlantID, Plant_Type, Watering_Frequency, Days_To_Water, GardenID) values (84, 'Hybrid Sumac', 'Never', 9, 5);
insert into Plants (PlantID, Plant_Type, Watering_Frequency, Days_To_Water, GardenID) values (85, 'Sanddune Sedge', 'Seldom', 18, 2);
insert into Plants (PlantID, Plant_Type, Watering_Frequency, Days_To_Water, GardenID) values (86, 'Chinese Rose', 'Daily', 15, 2);
insert into Plants (PlantID, Plant_Type, Watering_Frequency, Days_To_Water, GardenID) values (87, 'Laurel Sassafras', 'Yearly', 10, 3);
insert into Plants (PlantID, Plant_Type, Watering_Frequency, Days_To_Water, GardenID) values (88, 'Shrubby Woodsorrel', 'Never', 4, 5);
insert into Plants (PlantID, Plant_Type, Watering_Frequency, Days_To_Water, GardenID) values (89, 'Wolf''s Trisetum', 'Seldom', 7, 1);
insert into Plants (PlantID, Plant_Type, Watering_Frequency, Days_To_Water, GardenID) values (90, 'Dot Lichen', 'Often', 16, 3);
insert into Plants (PlantID, Plant_Type, Watering_Frequency, Days_To_Water, GardenID) values (91, 'Justiceweed', 'Weekly', 9, 3);
insert into Plants (PlantID, Plant_Type, Watering_Frequency, Days_To_Water, GardenID) values (92, 'Dill', 'Monthly', 6, 2);
insert into Plants (PlantID, Plant_Type, Watering_Frequency, Days_To_Water, GardenID) values (93, 'Byrsonima', 'Often', 4, 2);
insert into Plants (PlantID, Plant_Type, Watering_Frequency, Days_To_Water, GardenID) values (94, 'Orthotrichum Moss', 'Monthly', 2, 4);
insert into Plants (PlantID, Plant_Type, Watering_Frequency, Days_To_Water, GardenID) values (95, 'Bog Chickweed', 'Never', 10, 5);
insert into Plants (PlantID, Plant_Type, Watering_Frequency, Days_To_Water, GardenID) values (96, 'Jusillo', 'Daily', 16, 3);
insert into Plants (PlantID, Plant_Type, Watering_Frequency, Days_To_Water, GardenID) values (97, 'Loomis'' Thimblehead', 'Seldom', 9, 3);
insert into Plants (PlantID, Plant_Type, Watering_Frequency, Days_To_Water, GardenID) values (98, 'Pagumpa Milkvetch', 'Never', 2, 5);
insert into Plants (PlantID, Plant_Type, Watering_Frequency, Days_To_Water, GardenID) values (99, 'Pebble Pincushion', 'Weekly', 3, 5);
insert into Plants (PlantID, Plant_Type, Watering_Frequency, Days_To_Water, GardenID) values (100, 'Gibraltar Candytuft', 'Often', 8, 4);
insert into Plants (PlantID, Plant_Type, Watering_Frequency, Days_To_Water, GardenID) values (101, 'Cucubano De Vieques', 'Daily', 14, 3);
insert into Plants (PlantID, Plant_Type, Watering_Frequency, Days_To_Water, GardenID) values (102, 'Smooth Rupturewort', 'Monthly', 4, 1);
insert into Plants (PlantID, Plant_Type, Watering_Frequency, Days_To_Water, GardenID) values (103, 'Myrionora', 'Monthly', 9, 5);
insert into Plants (PlantID, Plant_Type, Watering_Frequency, Days_To_Water, GardenID) values (104, 'Aspen Bluebells', 'Often', 15, 2);
insert into Plants (PlantID, Plant_Type, Watering_Frequency, Days_To_Water, GardenID) values (105, 'Prostrate Pincushionplant', 'Yearly', 11, 1);
insert into Plants (PlantID, Plant_Type, Watering_Frequency, Days_To_Water, GardenID) values (106, 'Oahu False Ohelo', 'Daily', 14, 1);
insert into Plants (PlantID, Plant_Type, Watering_Frequency, Days_To_Water, GardenID) values (107, 'Acadia Dogwood', 'Never', 3, 2);
insert into Plants (PlantID, Plant_Type, Watering_Frequency, Days_To_Water, GardenID) values (108, 'Purple Fleabane', 'Daily', 5, 1);
insert into Plants (PlantID, Plant_Type, Watering_Frequency, Days_To_Water, GardenID) values (109, 'Shore Juniper', 'Weekly', 9, 5);
insert into Plants (PlantID, Plant_Type, Watering_Frequency, Days_To_Water, GardenID) values (110, 'Tuberous Desert-chicory', 'Seldom', 5, 4);
insert into Plants (PlantID, Plant_Type, Watering_Frequency, Days_To_Water, GardenID) values (111, 'Star Orchid', 'Once', 6, 3);
insert into Plants (PlantID, Plant_Type, Watering_Frequency, Days_To_Water, GardenID) values (112, 'Maronea Lichen', 'Daily', 9, 3);
insert into Plants (PlantID, Plant_Type, Watering_Frequency, Days_To_Water, GardenID) values (113, 'Shagbark Hickory', 'Seldom', 18, 1);
insert into Plants (PlantID, Plant_Type, Watering_Frequency, Days_To_Water, GardenID) values (114, 'Chinese Haw', 'Seldom', 8, 4);
insert into Plants (PlantID, Plant_Type, Watering_Frequency, Days_To_Water, GardenID) values (115, 'Yellow Marsh Saxifrage', 'Once', 10, 3);
insert into Plants (PlantID, Plant_Type, Watering_Frequency, Days_To_Water, GardenID) values (116, 'Swampfire', 'Once', 16, 1);
insert into Plants (PlantID, Plant_Type, Watering_Frequency, Days_To_Water, GardenID) values (117, 'Mountain Larkspur', 'Weekly', 13, 2);
insert into Plants (PlantID, Plant_Type, Watering_Frequency, Days_To_Water, GardenID) values (118, 'Caribbean Spleenwort', 'Often', 11, 3);
insert into Plants (PlantID, Plant_Type, Watering_Frequency, Days_To_Water, GardenID) values (119, 'Rusby''s Goldenbush', 'Once', 8, 4);
insert into Plants (PlantID, Plant_Type, Watering_Frequency, Days_To_Water, GardenID) values (120, 'Pineland Scalypink', 'Never', 20, 3);
insert into Plants (PlantID, Plant_Type, Watering_Frequency, Days_To_Water, GardenID) values (121, 'Smallflower Fairypoppy', 'Once', 13, 3);
insert into Plants (PlantID, Plant_Type, Watering_Frequency, Days_To_Water, GardenID) values (122, 'Volcanic Melicope', 'Seldom', 3, 2);
insert into Plants (PlantID, Plant_Type, Watering_Frequency, Days_To_Water, GardenID) values (123, 'Turkey Oak', 'Yearly', 15, 2);
insert into Plants (PlantID, Plant_Type, Watering_Frequency, Days_To_Water, GardenID) values (124, 'Salmonberry', 'Often', 7, 1);
insert into Plants (PlantID, Plant_Type, Watering_Frequency, Days_To_Water, GardenID) values (125, 'Ant Plant', 'Daily', 7, 4);
insert into Plants (PlantID, Plant_Type, Watering_Frequency, Days_To_Water, GardenID) values (126, 'Pohil''s Milkvetch', 'Never', 13, 5);
insert into Plants (PlantID, Plant_Type, Watering_Frequency, Days_To_Water, GardenID) values (127, 'Britton''s Spikerush', 'Weekly', 14, 3);
insert into Plants (PlantID, Plant_Type, Watering_Frequency, Days_To_Water, GardenID) values (128, 'Jepson''s Deerweed', 'Yearly', 11, 5);
insert into Plants (PlantID, Plant_Type, Watering_Frequency, Days_To_Water, GardenID) values (129, 'Twobristle Rockdaisy', 'Monthly', 14, 5);
insert into Plants (PlantID, Plant_Type, Watering_Frequency, Days_To_Water, GardenID) values (130, 'Red Cottongrass', 'Once', 1, 2);
insert into Plants (PlantID, Plant_Type, Watering_Frequency, Days_To_Water, GardenID) values (131, 'Firecracker Flower', 'Seldom', 18, 5);
insert into Plants (PlantID, Plant_Type, Watering_Frequency, Days_To_Water, GardenID) values (132, 'Bird''s-beak', 'Daily', 8, 4);
insert into Plants (PlantID, Plant_Type, Watering_Frequency, Days_To_Water, GardenID) values (133, 'Broadpod Jewelflower', 'Weekly', 16, 1);
insert into Plants (PlantID, Plant_Type, Watering_Frequency, Days_To_Water, GardenID) values (134, 'Smoothbark St. Johnswort', 'Weekly', 12, 2);
insert into Plants (PlantID, Plant_Type, Watering_Frequency, Days_To_Water, GardenID) values (135, 'Cotta Grass', 'Never', 15, 3);
insert into Plants (PlantID, Plant_Type, Watering_Frequency, Days_To_Water, GardenID) values (136, 'Polyalthia', 'Once', 14, 4);
insert into Plants (PlantID, Plant_Type, Watering_Frequency, Days_To_Water, GardenID) values (137, 'Schadonia Lichen', 'Daily', 12, 4);
insert into Plants (PlantID, Plant_Type, Watering_Frequency, Days_To_Water, GardenID) values (138, 'Palmer''s Goldenrod', 'Often', 2, 5);
insert into Plants (PlantID, Plant_Type, Watering_Frequency, Days_To_Water, GardenID) values (139, 'Cockspur', 'Weekly', 18, 2);
insert into Plants (PlantID, Plant_Type, Watering_Frequency, Days_To_Water, GardenID) values (140, 'Brazilian Firetree', 'Monthly', 13, 5);
insert into Plants (PlantID, Plant_Type, Watering_Frequency, Days_To_Water, GardenID) values (141, 'Sematophyllum Moss', 'Often', 1, 2);
insert into Plants (PlantID, Plant_Type, Watering_Frequency, Days_To_Water, GardenID) values (142, 'Northern Panicgrass', 'Monthly', 18, 2);
insert into Plants (PlantID, Plant_Type, Watering_Frequency, Days_To_Water, GardenID) values (143, 'Anisomeridium Lichen', 'Once', 5, 5);
insert into Plants (PlantID, Plant_Type, Watering_Frequency, Days_To_Water, GardenID) values (144, 'Kauai Pipturus', 'Once', 6, 5);
insert into Plants (PlantID, Plant_Type, Watering_Frequency, Days_To_Water, GardenID) values (145, 'Menand''s Hawthorn', 'Once', 8, 2);
insert into Plants (PlantID, Plant_Type, Watering_Frequency, Days_To_Water, GardenID) values (146, 'Perezia', 'Often', 18, 5);
insert into Plants (PlantID, Plant_Type, Watering_Frequency, Days_To_Water, GardenID) values (147, 'Whitehead Mule-ears', 'Often', 8, 5);
insert into Plants (PlantID, Plant_Type, Watering_Frequency, Days_To_Water, GardenID) values (148, 'Mottled Dutchman''s Pipe', 'Often', 14, 4);
insert into Plants (PlantID, Plant_Type, Watering_Frequency, Days_To_Water, GardenID) values (149, 'Spiritweed', 'Seldom', 11, 4);
insert into Plants (PlantID, Plant_Type, Watering_Frequency, Days_To_Water, GardenID) values (150, 'Watauga Porella', 'Daily', 8, 1);
